{"weights": [[[0.4214944514601322, -0.0518476169547526], [-0.282999873518874, 0.3209667495335504], [0.10225055783403769, 0.2378015610791271], [-0.3005606659299881, 0.012383048398073021]], [[-0.14819405134965571, -0.22942520690501203, -0.19254058933371146], [-0.43223885436488685, -0.3531033020235304, -0.2648432446677965]]], "bias": [[[0.10469953125948409, 0.10735682679834913]], [[-0.23557002229352003, -0.23915520011474897, -0.23890715149545702]]], "activation_function": ["sigmoid", "sigmoid"]}